true_class,n_flows,n_correct,mean_conf,mean_hybrid,mean_hall_score,hall_rate,grounding_rate,numeric_faith,mean_rouge_l,mean_words,parse_rate,accuracy
ddos,8,8,0.9598153084516525,0.8212432488799095,0.125,0.625,1.0,1.0,0.1757,52.5,1.0,1.0
mitm,7,7,0.9409558602741787,0.8294155257088798,0.05714285714285715,0.2857142857142857,0.7142857142857143,1.0,0.22242857142857142,52.857142857142854,1.0,1.0
ransomware,10,10,0.9445502996444702,0.8134010851383209,0.02,0.1,0.9,1.0,0.24895,53.6,1.0,1.0
backdoor,10,10,0.9788546681404113,0.8362851440906525,0.0,0.0,1.0,1.0,0.18478999999999998,55.2,1.0,1.0
dos,6,6,0.8579160869121552,0.7495970030625662,0.0,0.0,1.0,1.0,0.19638333333333335,61.833333333333336,1.0,1.0
injection,7,7,0.905366769858769,0.782992993082319,0.0,0.0,1.0,1.0,0.24575714285714284,56.285714285714285,1.0,1.0
password,6,6,0.9022203087806702,0.7808540960152944,0.0,0.0,1.0,1.0,0.22746666666666668,53.5,1.0,1.0
scanning,9,9,0.988607558939192,0.840905037191179,0.0,0.0,1.0,1.0,0.19366666666666668,56.666666666666664,1.0,1.0
xss,8,8,0.8676449954509735,0.7562248855829239,0.0,0.0,1.0,1.0,0.17115,56.125,1.0,1.0
